﻿[
{
    "lidarName": "TG30",
    "baudrate": 512000,
    "samplerate": 20,
    "channel": true,
    "intensity": false,
    "byteSize": -1,
    "code": 101,
    "lidarType": 0,
    "azimuthOrigin": 3,
    "lidarDtr": false,
    "noSecondLevel":true
},
  {
    "lidarName": "T-mini Pro",
    "baudrate": 230400,
    "samplerate": 4,
    "channel": false,
    "code": -1,
    "intensity": true,
    "byteSize": 8,
    "lidarType": 1,
	"version": 1,
    "azimuthOrigin": 1,
    "lidarDtr": false,
    "noSecondLevel": true
 },
    {
    "lidarName": "TSA",
    "baudrate": 230400,
    "samplerate": 3,
    "channel": false,
    "code": -1,
    "intensity": true,
    "lidarType": 0,
    "azimuthOrigin": 1,
    "lidarDtr": false,
    "noSecondLevel": true
 },
{
    "lidarName": "TX",
    "baudrate": 115200,
    "samplerate": 4,
    "channel": false,
    "intensity": false,
    "byteSize": -1,
    "code": -1,
    "lidarType": 0,
    "azimuthOrigin": 1,
    "lidarDtr": false,
    "noSecondLevel":true
},
    {
        "lidarName": "G4",
        "baudrate": 230400,
        "samplerate": 9,
        "channel": true,
        "intensity": false,
        "byteSize": -1,
        "code": 5,
        "lidarType": 1,
        "azimuthOrigin": 3,
        "lidarDtr": false,
        "noSecondLevel":false
    },
    {
        "lidarName": "G5",
        "baudrate": 230400,
        "samplerate": 9,
        "channel": true,
        "intensity": false,
        "byteSize": -1,
        "code": 20,
        "lidarType": 1,
        "azimuthOrigin": 3,
        "lidarDtr": false,
        "noSecondLevel":false
    },
    {
        "lidarName": "G6",
        "baudrate": 512000,
        "samplerate": 18,
        "channel": true,
        "intensity": false,
        "byteSize": -1,
        "code": 13,
        "lidarType": 1,
        "azimuthOrigin": 3,
        "lidarDtr": false,
        "noSecondLevel":false
    },
    {
        "lidarName": "G1",
        "baudrate": 230400,
        "samplerate": 9,
        "channel": true,
        "intensity": false,
        "byteSize": -1,
        "code": 19,
        "lidarType": 1,
        "azimuthOrigin": 3,
        "lidarDtr": false,
        "noSecondLevel":false
    },
{
    "lidarName": "X4",
    "baudrate": 128000,
    "samplerate": 5,
    "channel": true,
    "intenstiy": false,
    "byteSize": -1,
    "code": 6,
    "lidarType": 1,
    "azimuthOrigin": 1,
    "lidarDtr": false,
    "noSecondLevel":false
},
{
    "lidarName": "X2",
    "baudrate": 115200,
    "samplerate": 3,
    "channel": false,
    "intenstiy": false,
    "byteSize": -1,
    "code": 12,
    "lidarType": 1,
    "azimuthOrigin": 1,
    "lidarDtr": false,
    "noSecondLevel":false
},
    {
        "lidarName": "G2",
        "baudrate": 230400,
        "samplerate": 5,
        "channel": true,
        "intensity": true,
        "byteSize": 8,
        "code": 15,
        "lidarType": 1,
        "azimuthOrigin": 3,
        "lidarDtr": false,
        "noSecondLevel":false
    },
{
    "azimuthOrigin": 1,
    "baudrate": 115200,
    "byteSize": -1,
    "channel": true,
    "code": 4,
    "hasZeroCalibration": false,
    "intensity": false,
    "lidarDtr": false,
    "lidarName": "S2-Pro",
    "lidarType": 1,
    "noSecondLevel": false,
    "samplerate": 3,
    "version": 1
}
]
